title,wiki,img,mat 1,mat 2,mat 3,mat 4,type
Abyssal Crystal,https://duma-eng.fandom.com/wiki/Abyssal_Crystal,https://static.wikia.nocookie.net/duma-eng/images/2/26/EHellStone.png,Beyond Darkness ~ Chapter 2,,,,Facility
Abyssal Portal,https://duma-eng.fandom.com/wiki/Abyssal_Portal,https://static.wikia.nocookie.net/duma-eng/images/0/0f/EHellGate.png,Beyond Darkness ~ Chapter 3,Yggdrasil,Abyssal Crystal,Secret Laboratory,Facility
Altar Level 1,https://duma-eng.fandom.com/wiki/Altar_Level_1,https://static.wikia.nocookie.net/duma-eng/images/1/14/EAltar.png,,,,,Altar
Altar Level 2,https://duma-eng.fandom.com/wiki/Altar_Level_2,https://static.wikia.nocookie.net/duma-eng/images/3/3e/EAltarUpg1.png,Altar Level 1,Extraction,Sacrifice,,Altar
Altar Level 3,https://duma-eng.fandom.com/wiki/Altar_Level_3,https://static.wikia.nocookie.net/duma-eng/images/6/65/EAltarUpg2.png,Altar Level 2,Extraction,Sacrifice,,Altar
Altar Level 4,https://duma-eng.fandom.com/wiki/Altar_Level_4,https://static.wikia.nocookie.net/duma-eng/images/a/a7/EAltarUpg3.png,Altar Level 3,Laboratory,Sacrifice,,Altar
Altar Level 5,https://duma-eng.fandom.com/wiki/Altar_Level_5,https://static.wikia.nocookie.net/duma-eng/images/5/56/EAltarUpg4.png,Altar Level 4,Laboratory,Laboratory,,Altar
Ambush,https://duma-eng.fandom.com/wiki/Ambush,https://static.wikia.nocookie.net/duma-eng/images/3/31/EAmbush.png,,,,,Battle
Amplify,https://duma-eng.fandom.com/wiki/Amplify,https://static.wikia.nocookie.net/duma-eng/images/2/23/EAmplify.png,,,,,Trap
Ancient Bell,https://duma-eng.fandom.com/wiki/Ancient_Bell,https://static.wikia.nocookie.net/duma-eng/images/1/10/EAncientBell.png,Magic Gear,Library,Warhorn,,Facility
Arena,https://duma-eng.fandom.com/wiki/Arena,https://static.wikia.nocookie.net/duma-eng/images/a/a7/EArena.png,,,,,Battle
Arrow,https://duma-eng.fandom.com/wiki/Arrow,https://static.wikia.nocookie.net/duma-eng/images/7/76/EArrow.png,,,,,Trap
Arrow Bomb,https://duma-eng.fandom.com/wiki/Arrow_Bomb,https://static.wikia.nocookie.net/duma-eng/images/c/c1/EArrowBomb.png,Magic Gear,Explosive Arrow,Arrows,,Trap
Arrows,https://duma-eng.fandom.com/wiki/Arrows,https://static.wikia.nocookie.net/duma-eng/images/3/33/EArrowrain.png,Multishot,Explosion,Operation Room,,Trap
Bacteria Altar Level 1,https://duma-eng.fandom.com/wiki/Bacteria_Altar_Level_1,https://static.wikia.nocookie.net/duma-eng/images/9/91/ESporeAltarUpg0.png,Altar Level 5,Laboratory,Infection,,Altar
Bacteria Altar Level 2,https://duma-eng.fandom.com/wiki/Bacteria_Altar_Level_2,https://static.wikia.nocookie.net/duma-eng/images/5/5d/ESporeAltarUpg1.png,Bacteria Altar Level 1,Laboratory,Plague,,Altar
Bacteria Altar Level 3,https://duma-eng.fandom.com/wiki/Bacteria_Altar_Level_3,https://static.wikia.nocookie.net/duma-eng/images/7/73/ESporeAltarUpg2.png,Bacteria Altar Level 2,Laboratory,Poison Weed,,Altar
Bacteria Altar Level 4,https://duma-eng.fandom.com/wiki/Bacteria_Altar_Level_4,https://static.wikia.nocookie.net/duma-eng/images/2/22/ESporeAltarUpg3.png,Bacteria Altar Level 3,Laboratory,Sting,,Altar
Bacteria Altar Level 5,https://duma-eng.fandom.com/wiki/Bacteria_Altar_Level_5,https://static.wikia.nocookie.net/duma-eng/images/3/39/ESporeAltarUpg4.png,Bacteria Altar Level 4,Secret Laboratory,Plague Spreader,,Altar
Barrier,https://duma-eng.fandom.com/wiki/Barrier,https://static.wikia.nocookie.net/duma-eng/images/f/fd/EBarrier.png,,,,,Battle
Battle,https://duma-eng.fandom.com/wiki/Battle,https://static.wikia.nocookie.net/duma-eng/images/5/50/EBattle.png,,,,,Battle
Betrayal,https://duma-eng.fandom.com/wiki/Betrayal,https://static.wikia.nocookie.net/duma-eng/images/b/b3/EBetray.png,,,,,Battle
Big Bang,https://duma-eng.fandom.com/wiki/Big_Bang,https://static.wikia.nocookie.net/duma-eng/images/e/e5/EBigBang.png,Big Explosion,Crater,Electric Discharge,,Trap
Big Explosion,https://duma-eng.fandom.com/wiki/Big_Explosion,https://static.wikia.nocookie.net/duma-eng/images/8/8a/EBigBomb.png,Magic Gear,Arrow Bomb,Meteor Shower,,Trap
Bigger Fight,https://duma-eng.fandom.com/wiki/Bigger_Fight,https://static.wikia.nocookie.net/duma-eng/images/1/12/ESmashBattle.png,Bigger Room,Gigantify,Laboratory,,Battle
Bigger Room,https://duma-eng.fandom.com/wiki/Bigger_Room,https://static.wikia.nocookie.net/duma-eng/images/a/a3/EHugeRoom.png,Battle,Gigantify,,,Battle
Blacksmith,https://duma-eng.fandom.com/wiki/Blacksmith,https://static.wikia.nocookie.net/duma-eng/images/0/02/EBlacksmith.png,Lounge,Ambush,Warhorn,,Facility
Blitz,https://duma-eng.fandom.com/wiki/Blitz,https://static.wikia.nocookie.net/duma-eng/images/5/5d/EBlitz.png,,,,,Trap
Blood Altar,https://duma-eng.fandom.com/wiki/Blood_Altar,https://static.wikia.nocookie.net/duma-eng/images/2/2d/EBloodAltar.png,,,,,Battle
Blood Pool,https://duma-eng.fandom.com/wiki/Blood_Pool,https://static.wikia.nocookie.net/duma-eng/images/6/69/EBloodpool.png,Bloodthirst,Bloodthirst,Lounge,,Battle
Blood Shield,https://duma-eng.fandom.com/wiki/Blood_Shield,https://static.wikia.nocookie.net/duma-eng/images/8/82/EBloodShield.png,Iron Wall,Barrier,Foundry,,Facility
Bloodcry,https://duma-eng.fandom.com/wiki/Bloodcry,https://static.wikia.nocookie.net/duma-eng/images/5/54/EPrisonFear3.png,Execution Ground,Ancient Bell,Secret Laboratory,,Prison
Bloodthirst,https://duma-eng.fandom.com/wiki/Bloodthirst,https://static.wikia.nocookie.net/duma-eng/images/0/08/EBloodlust.png,Frenzy,Blood Altar,,,Battle
Bloody Mist,https://duma-eng.fandom.com/wiki/Bloody_Mist,https://static.wikia.nocookie.net/duma-eng/images/9/9d/EBloodyMist.png,Ancient Bell,Blood Pool,Blood Shield,,Battle
Blossoming Flame,https://duma-eng.fandom.com/wiki/Blossoming_Flame,https://static.wikia.nocookie.net/duma-eng/images/3/3f/EFlameBlossom.png,Special Ops Room,Laboratory,Combustion,,Facility
Broken Mirror,https://duma-eng.fandom.com/wiki/Broken_Mirror,https://static.wikia.nocookie.net/duma-eng/images/b/b6/EBrokenMirror.png,Magic Gear,Prism,Arrow Bomb,,Trap
Chain Lightning,https://duma-eng.fandom.com/wiki/Chain_Lightning,https://static.wikia.nocookie.net/duma-eng/images/a/a8/EChainLightning.png,Lightning,Thunder,Operation Room,,Trap
Chaos Arrow,https://duma-eng.fandom.com/wiki/Chaos_Arrow,https://static.wikia.nocookie.net/duma-eng/images/c/cd/EChaosbolt.png,Combustion,Poison Arrow,Thunder,,Trap
Chaos Rain,https://duma-eng.fandom.com/wiki/Chaos_Rain,https://static.wikia.nocookie.net/duma-eng/images/a/a4/ERainOfChaos.png,Chaos Arrow,Multishot,Explosion,,Trap
Combustion,https://duma-eng.fandom.com/wiki/Combustion,https://static.wikia.nocookie.net/duma-eng/images/a/a2/ECombustroom.png,Incineration,Ignition,,,Trap
Crater,https://duma-eng.fandom.com/wiki/Crater,https://static.wikia.nocookie.net/duma-eng/images/c/c7/ECrator.png,Flamethrower,Arrow Bomb,Fire Storm,,Trap
Crossbow,https://duma-eng.fandom.com/wiki/Crossbow,https://static.wikia.nocookie.net/duma-eng/images/9/9b/ECrossbow.png,Magic Gear,Arrow,Slingshot,,Trap
Curse,https://duma-eng.fandom.com/wiki/Curse,https://static.wikia.nocookie.net/duma-eng/images/8/8b/ECurse.png,,,,,Trap
Curse Wave,https://duma-eng.fandom.com/wiki/Curse_Wave,https://static.wikia.nocookie.net/duma-eng/images/a/ae/ECurseWave.png,Magic Gear,Secret Laboratory,Curse,,Trap
Curtain of Darkness,https://duma-eng.fandom.com/wiki/Curtain_of_Darkness,https://static.wikia.nocookie.net/duma-eng/images/e/e6/EDarkVeil.png,Darkness,Barrier,,,Trap
Darkness,https://duma-eng.fandom.com/wiki/Darkness,https://static.wikia.nocookie.net/duma-eng/images/9/92/EDarkness.png,,,,,Trap
Death Altar Level 1,https://duma-eng.fandom.com/wiki/Death_Altar_Level_1,https://static.wikia.nocookie.net/duma-eng/images/e/e0/EImmortalAltarUpg0.png,Altar Level 5,Laboratory,Necropolis,,Altar
Death Altar Level 2,https://duma-eng.fandom.com/wiki/Death_Altar_Level_2,https://static.wikia.nocookie.net/duma-eng/images/8/8e/EImmortalAltarUpg1.png,Death Altar Level 1,Laboratory,Plague,,Altar
Death Altar Level 3,https://duma-eng.fandom.com/wiki/Death_Altar_Level_3,https://static.wikia.nocookie.net/duma-eng/images/c/ce/EImmortalAltarUpg2.png,Death Altar Level 2,Laboratory,Ancient Bell,,Altar
Death Altar Level 4,https://duma-eng.fandom.com/wiki/Death_Altar_Level_4,https://static.wikia.nocookie.net/duma-eng/images/1/10/EImmortalAltarUpg3.png,Death Altar Level 3,Laboratory,Death and Corruption,,Altar
Death Altar Level 5,https://duma-eng.fandom.com/wiki/Death_Altar_Level_5,https://static.wikia.nocookie.net/duma-eng/images/a/a4/EImmortalAltarUpg4.png,Death Altar Level 4,Secret Laboratory,Death Mist,,Altar
Death and Corruption,https://duma-eng.fandom.com/wiki/Death_and_Corruption,https://static.wikia.nocookie.net/duma-eng/images/d/d2/EDeathandDecay.png,Magic Gear,Explosive Arrow,Infection,,Trap
Death Mist,https://duma-eng.fandom.com/wiki/Death_Mist,https://static.wikia.nocookie.net/duma-eng/images/9/94/EDeathMist.png,Ancient Bell,Necropolis,Death and Corruption,,Battle
Death Wave,https://duma-eng.fandom.com/wiki/Death_Wave,https://static.wikia.nocookie.net/duma-eng/images/4/43/EDeathWave.png,Big Explosion,Plague Spreader,Plague,,Trap
Demonic Barrier,https://duma-eng.fandom.com/wiki/Demonic_Barrier,https://static.wikia.nocookie.net/duma-eng/images/2/24/EHellWall.png,Magic Gear,The Seal,Foundry,,Battle
Disease,https://duma-eng.fandom.com/wiki/Disease,https://static.wikia.nocookie.net/duma-eng/images/0/00/EDisease.png,Venom,Graveyard,,,Trap
Distortion,https://duma-eng.fandom.com/wiki/Distortion,https://static.wikia.nocookie.net/duma-eng/images/1/16/ETwisted.png,,,,,Trap
Double Giant,https://duma-eng.fandom.com/wiki/Double_Giant,https://static.wikia.nocookie.net/duma-eng/images/8/8f/EDoubleGiant.png,Gigantify,Gigantify,,,Battle
Dynamite,https://duma-eng.fandom.com/wiki/Dynamite,https://static.wikia.nocookie.net/duma-eng/images/0/0b/EDynamite.png,Combustion,Gunpowder,Explosion,,Battle
Electric Discharge,https://duma-eng.fandom.com/wiki/Electric_Discharge,https://static.wikia.nocookie.net/duma-eng/images/5/53/EElectricalDischarge.png,Magic Gear,Arrow Bomb,Electric Field,,Trap
Electric Field,https://duma-eng.fandom.com/wiki/Electric_Field,https://static.wikia.nocookie.net/duma-eng/images/3/38/EStaticField.png,Explosion,Thunder,,,Trap
Electrical Short,https://duma-eng.fandom.com/wiki/Electrical_Short,https://static.wikia.nocookie.net/duma-eng/images/3/39/EElectricLeakage.png,Electric Field,Lightning,Operation Room,,Trap
Electricity Altar Level 1,https://duma-eng.fandom.com/wiki/Electricity_Altar_Level_1,https://static.wikia.nocookie.net/duma-eng/images/0/04/EShockAltarUpg0.png,Altar Level 5,Laboratory,Chain Lightning,,Altar
Electricity Altar Level 2,https://duma-eng.fandom.com/wiki/Electricity_Altar_Level_2,https://static.wikia.nocookie.net/duma-eng/images/c/cc/EShockAltarUpg1.png,Electricity Altar Level 1,Laboratory,Electrical Short,,Altar
Electricity Altar Level 3,https://duma-eng.fandom.com/wiki/Electricity_Altar_Level_3,https://static.wikia.nocookie.net/duma-eng/images/f/f6/EShockAltarUpg2.png,Electricity Altar Level 2,Laboratory,Thornder Weed,,Altar
Electricity Altar Level 4,https://duma-eng.fandom.com/wiki/Electricity_Altar_Level_4,https://static.wikia.nocookie.net/duma-eng/images/5/51/EShockAltarUpg3.png,Electricity Altar Level 3,Laboratory,Lightning Rod,,Altar
Electricity Altar Level 5,https://duma-eng.fandom.com/wiki/Electricity_Altar_Level_5,https://static.wikia.nocookie.net/duma-eng/images/1/1f/EShockAltarUpg4.png,Electricity Altar Level 4,Secret Laboratory,Lightning Bolt,,Altar
Excess,https://duma-eng.fandom.com/wiki/Excess,https://static.wikia.nocookie.net/duma-eng/images/3/31/EExcess.png,,,,,Battle
Execution Ground,https://duma-eng.fandom.com/wiki/Execution_Ground,https://static.wikia.nocookie.net/duma-eng/images/9/94/EPrisonFear2.png,Howling Prison,Scream,Curtain of Darkness,,Prison
Exploit,https://duma-eng.fandom.com/wiki/Exploit,https://static.wikia.nocookie.net/duma-eng/images/d/d7/EExploit.png,,,,,Trap
Explosion,https://duma-eng.fandom.com/wiki/Explosion,https://static.wikia.nocookie.net/duma-eng/images/3/39/EExplode.png,,,,,Trap
Explosive Arrow,https://duma-eng.fandom.com/wiki/Explosive_Arrow,https://static.wikia.nocookie.net/duma-eng/images/9/9a/EExplosiveArrow.png,Magic Gear,Crossbow,Multishot,,Trap
Extraction,https://duma-eng.fandom.com/wiki/Extraction,https://static.wikia.nocookie.net/duma-eng/images/f/f7/EExtract.png,,,,,Trap
Faint Abyssal Shard,https://duma-eng.fandom.com/wiki/Faint_Abyssal_Shard,https://static.wikia.nocookie.net/duma-eng/images/a/a3/EHazyHellstone.png,Beyond Darkness ~ Chapter 1,,,,Facility
Fire Pillar,https://duma-eng.fandom.com/wiki/Fire_Pillar,https://static.wikia.nocookie.net/duma-eng/images/3/36/EFireStrike.png,Incineration,Explosion,,,Trap
Fire Storm,https://duma-eng.fandom.com/wiki/Fire_Storm,https://static.wikia.nocookie.net/duma-eng/images/0/06/EFireStorm.png,Fire Pillar,Operation Room,Explosion,,Trap
Flame Altar Level 1,https://duma-eng.fandom.com/wiki/Flame_Altar_Level_1,https://static.wikia.nocookie.net/duma-eng/images/f/f7/EFireAltarUpg0.png,Altar Level 5,Laboratory,Fire Pillar,,Altar
Flame Altar Level 2,https://duma-eng.fandom.com/wiki/Flame_Altar_Level_2,https://static.wikia.nocookie.net/duma-eng/images/9/92/EFireAltarUpg1.png,Flame Altar Level 1,Laboratory,Fire Storm,,Altar
Flame Altar Level 3,https://duma-eng.fandom.com/wiki/Flame_Altar_Level_3,https://static.wikia.nocookie.net/duma-eng/images/9/9b/EFireAltarUpg2.png,Flame Altar Level 2,Laboratory,Blossoming Flame,,Altar
Flame Altar Level 4,https://duma-eng.fandom.com/wiki/Flame_Altar_Level_4,https://static.wikia.nocookie.net/duma-eng/images/b/ba/EFireAltarUpg3.png,Flame Altar Level 3,Laboratory,Flamethrower,,Altar
Flame Altar Level 5,https://duma-eng.fandom.com/wiki/Flame_Altar_Level_5,https://static.wikia.nocookie.net/duma-eng/images/9/9f/EFireAltarUpg4.png,Flame Altar Level 4,Secret Laboratory,Crater,,Altar
Flamethrower,https://duma-eng.fandom.com/wiki/Flamethrower,https://static.wikia.nocookie.net/duma-eng/images/6/60/EFlamethrower.png,Magic Gear,Explosive Arrow,Combustion,,Trap
Foundry,https://duma-eng.fandom.com/wiki/Foundry,https://static.wikia.nocookie.net/duma-eng/images/d/da/EFoundry.png,Lounge,Solitude,Shield of Steel,,Facility
Frenzy,https://duma-eng.fandom.com/wiki/Frenzy,https://static.wikia.nocookie.net/duma-eng/images/3/3e/EFrenzy.png,,,,,Battle
Frost Storm,https://duma-eng.fandom.com/wiki/Frost_Storm,https://static.wikia.nocookie.net/duma-eng/images/1/17/EFrostStorm.png,Ice Pit,Operation Room,Explosion,,Trap
Frosty Wind,https://duma-eng.fandom.com/wiki/Frosty_Wind,https://static.wikia.nocookie.net/duma-eng/images/0/03/EFrostwind.png,Pressure,Lounge,Amplify,,Facility
Giant Laboratory,https://duma-eng.fandom.com/wiki/Giant_Laboratory,https://static.wikia.nocookie.net/duma-eng/images/d/dd/EPrisonBattle3.png,Prisoner Lab,Blacksmith,Secret Laboratory,,Prison
Gigantify,https://duma-eng.fandom.com/wiki/Gigantify,https://static.wikia.nocookie.net/duma-eng/images/7/7f/EGiant.png,,,,,Battle
Glacier Altar Level 1,https://duma-eng.fandom.com/wiki/Glacier_Altar_Level_1,https://static.wikia.nocookie.net/duma-eng/images/e/eb/EIceAltarUpg0.png,Altar Level 5,Laboratory,Frosty Wind,,Altar
Glacier Altar Level 2,https://duma-eng.fandom.com/wiki/Glacier_Altar_Level_2,https://static.wikia.nocookie.net/duma-eng/images/c/c2/EIceAltarUpg1.png,Glacier Altar Level 1,Laboratory,Ice Pit,,Altar
Glacier Altar Level 3,https://duma-eng.fandom.com/wiki/Glacier_Altar_Level_3,https://static.wikia.nocookie.net/duma-eng/images/a/a0/EIceAltarUpg2.png,Glacier Altar Level 2,Laboratory,Frost Storm,,Altar
Glacier Altar Level 4,https://duma-eng.fandom.com/wiki/Glacier_Altar_Level_4,https://static.wikia.nocookie.net/duma-eng/images/a/ac/EIceAltarUpg3.png,Glacier Altar Level 3,Laboratory,Snowman,,Altar
Glacier Altar Level 5,https://duma-eng.fandom.com/wiki/Glacier_Altar_Level_5,https://static.wikia.nocookie.net/duma-eng/images/7/79/EIceAltarUpg4.png,Glacier Altar Level 4,Secret Laboratory,Ice Fog,,Altar
Graveyard,https://duma-eng.fandom.com/wiki/Graveyard,https://static.wikia.nocookie.net/duma-eng/images/8/88/ECemetery.png,,,,,Battle
Grudge Altar Level 1,https://duma-eng.fandom.com/wiki/Grudge_Altar_Level_1,https://static.wikia.nocookie.net/duma-eng/images/7/79/ERevengeAltarUpg0.png,Altar Level 5,Laboratory,Steel Thorn,,Altar
Grudge Altar Level 2,https://duma-eng.fandom.com/wiki/Grudge_Altar_Level_2,https://static.wikia.nocookie.net/duma-eng/images/2/26/ERevengeAltarUpg1.png,Altar Level 1,Laboratory,Blacksmith,,Altar
Grudge Altar Level 3,https://duma-eng.fandom.com/wiki/Grudge_Altar_Level_3,https://static.wikia.nocookie.net/duma-eng/images/9/9e/ERevengeAltarUpg2.png,Altar Level 2,Laboratory,Thorn Bush,,Altar
Grudge Altar Level 4,https://duma-eng.fandom.com/wiki/Grudge_Altar_Level_4,https://static.wikia.nocookie.net/duma-eng/images/8/85/ERevengeAltarUpg3.png,Altar Level 3,Laboratory,Ancient Bell,,Altar
Grudge Altar Level 5,https://duma-eng.fandom.com/wiki/Grudge_Altar_Level_5,https://static.wikia.nocookie.net/duma-eng/images/4/4c/ERevengeAltarUpg4.png,Altar Level 4,Secret Laboratory,Iron Skin,,Altar
Guillotine,https://duma-eng.fandom.com/wiki/Guillotine,https://static.wikia.nocookie.net/duma-eng/images/9/9b/EGillotin.png,,,,,Trap
Gunpowder,https://duma-eng.fandom.com/wiki/Gunpowder,https://static.wikia.nocookie.net/duma-eng/images/d/de/EGunpowder.png,Battle,Combustion,Explosion,,Battle
Haste,https://duma-eng.fandom.com/wiki/Haste,https://static.wikia.nocookie.net/duma-eng/images/6/66/EHaste.png,Frenzy,Rage,,,Battle
Hatchery,https://duma-eng.fandom.com/wiki/Hatchery,https://static.wikia.nocookie.net/duma-eng/images/7/7f/EHatchery.png,,,,,Facility
Healing Wind,https://duma-eng.fandom.com/wiki/Healing_Wind,https://static.wikia.nocookie.net/duma-eng/images/4/46/EHealingWind.png,Tree of Life,Tailwind,Hatchery,,Battle
Howling Prison,https://duma-eng.fandom.com/wiki/Howling_Prison,https://static.wikia.nocookie.net/duma-eng/images/f/f8/EPrisonFear1.png,Magic Prison,Panic,Scream,,Prison
Hunger,https://duma-eng.fandom.com/wiki/Hunger,https://static.wikia.nocookie.net/duma-eng/images/6/65/EHungry.png,,,,,Trap
Ice,https://duma-eng.fandom.com/wiki/Ice,https://static.wikia.nocookie.net/duma-eng/images/1/1e/EIce.png,,,,,Trap
Ice Fog,https://duma-eng.fandom.com/wiki/Ice_Fog,https://static.wikia.nocookie.net/duma-eng/images/c/cd/EFrozenMist.png,Snowman,Arrow Bomb,Frost Storm,,Trap
Ice Pit,https://duma-eng.fandom.com/wiki/Ice_Pit,https://static.wikia.nocookie.net/duma-eng/images/d/dc/EIceHole.png,Pit,Ice,,,Trap
Icebolt,https://duma-eng.fandom.com/wiki/Icebolt,https://static.wikia.nocookie.net/duma-eng/images/5/5e/EIceBolt.png,Arrow,Ice,,,Trap
Ignition,https://duma-eng.fandom.com/wiki/Ignition,https://static.wikia.nocookie.net/duma-eng/images/8/81/EIgnite.png,,,,,Trap
Incineration,https://duma-eng.fandom.com/wiki/Incineration,https://static.wikia.nocookie.net/duma-eng/images/2/26/EIncinerate.png,,,,,Trap
Infection,https://duma-eng.fandom.com/wiki/Infection,https://static.wikia.nocookie.net/duma-eng/images/1/1b/EInfect.png,Disease,Venom,Graveyard,,Trap
Infinity Clock,https://duma-eng.fandom.com/wiki/Infinity_Clock,https://static.wikia.nocookie.net/duma-eng/images/a/a0/EInfiniteWatch.png,The Watchmaker ~ Chapter 3,,,,Battle
Iron Curtain,https://duma-eng.fandom.com/wiki/Iron_Curtain,https://static.wikia.nocookie.net/duma-eng/images/d/d3/EIronCurtain.png,Iron Wall,Shield of Steel,Lounge,,Battle
Iron Maiden,https://duma-eng.fandom.com/wiki/Iron_Maiden,https://static.wikia.nocookie.net/duma-eng/images/9/97/EIronMaiden.png,,,,,Battle
Iron Prison,https://duma-eng.fandom.com/wiki/Iron_Prison,https://static.wikia.nocookie.net/duma-eng/images/e/e8/EPrisonUpg2.png,Prison,Lounge,Gigantify,,Prison
Iron Skin,https://duma-eng.fandom.com/wiki/Iron_Skin,https://static.wikia.nocookie.net/duma-eng/images/3/3b/EIronSkin.png,Magic Gear,Thorn Bush,Foundry,,Facility
Iron Wall,https://duma-eng.fandom.com/wiki/Iron_Wall,https://static.wikia.nocookie.net/duma-eng/images/9/9e/EIronWall.png,Shield of Steel,Barrier,Sprout,,Battle
Laboratory,https://duma-eng.fandom.com/wiki/Laboratory,https://static.wikia.nocookie.net/duma-eng/images/b/be/EResearch.png,Extraction,Extraction,,,Facility
Library,https://duma-eng.fandom.com/wiki/Library,https://static.wikia.nocookie.net/duma-eng/images/3/3b/ELibrary.png,Laboratory,Meditation,Meditation,,Facility
Lightning,https://duma-eng.fandom.com/wiki/Lightning,https://static.wikia.nocookie.net/duma-eng/images/1/1c/ELightning.png,Arrow,Thunder,,,Trap
Lightning Bolt,https://duma-eng.fandom.com/wiki/Lightning_Bolt,https://static.wikia.nocookie.net/duma-eng/images/1/15/EForkedLightning.png,Magic Gear,Arrow Bomb,Chain Lightning,,Trap
Lightning Rod,https://duma-eng.fandom.com/wiki/Lightning_Rod,https://static.wikia.nocookie.net/duma-eng/images/d/d6/ELightningRod.png,Magic Gear,Crossbow,Lightning,,Trap
Lounge,https://duma-eng.fandom.com/wiki/Lounge,https://static.wikia.nocookie.net/duma-eng/images/c/c9/ELounge.png,,,,,Facility
Magic Gear,https://duma-eng.fandom.com/wiki/Magic_Gear,https://static.wikia.nocookie.net/duma-eng/images/3/30/EMagicGear.png,,,,,Facility
Magic Prison,https://duma-eng.fandom.com/wiki/Magic_Prison,https://static.wikia.nocookie.net/duma-eng/images/5/55/EPrisonUpg3.png,Iron Prison,Extraction,Temptation,,Prison
Meat Wagon,https://duma-eng.fandom.com/wiki/Meat_Wagon,https://static.wikia.nocookie.net/duma-eng/images/5/5b/EMeatWagon.png,Magic Gear,Special Ops Room,Necropolis,,Facility
Meditation,https://duma-eng.fandom.com/wiki/Meditation,https://static.wikia.nocookie.net/duma-eng/images/2/2d/EMeditate.png,,,,,Battle
Meteor,https://duma-eng.fandom.com/wiki/Meteor,https://static.wikia.nocookie.net/duma-eng/images/8/84/EMeteor.png,Explosion,Incineration,Rockslide,,Trap
Meteor Shower,https://duma-eng.fandom.com/wiki/Meteor_Shower,https://static.wikia.nocookie.net/duma-eng/images/2/26/EHugeMeteor.png,Meteor,Multishot,Explosion,,Trap
Mirror Room,https://duma-eng.fandom.com/wiki/Mirror_Room,https://static.wikia.nocookie.net/duma-eng/images/d/de/EMirror.png,Betrayal,Temptation,,,Battle
Multishot,https://duma-eng.fandom.com/wiki/Multishot,https://static.wikia.nocookie.net/duma-eng/images/1/1a/EMultishot.png,Arrow,Arrow,,,Trap
Nature Altar Level 1,https://duma-eng.fandom.com/wiki/Nature_Altar_Level_1,https://static.wikia.nocookie.net/duma-eng/images/8/88/ENatureAltarUpg0.png,Altar Level 5,Laboratory,Tree of Life,,Altar
Nature Altar Level 2,https://duma-eng.fandom.com/wiki/Nature_Altar_Level_2,https://static.wikia.nocookie.net/duma-eng/images/9/9f/ENatureAltarUpg1.png,Nature Altar Level 1,Laboratory,Healing Wind,,Altar
Nature Altar Level 3,https://duma-eng.fandom.com/wiki/Nature_Altar_Level_3,https://static.wikia.nocookie.net/duma-eng/images/5/50/ENatureAltarUpg2.png,Nature Altar Level 2,Laboratory,Blood Shield,,Altar
Nature Altar Level 4,https://duma-eng.fandom.com/wiki/Nature_Altar_Level_4,https://static.wikia.nocookie.net/duma-eng/images/0/0f/ENatureAltarUpg3.png,Nature Altar Level 3,Laboratory,The Seal,,Altar
Nature Altar Level 5,https://duma-eng.fandom.com/wiki/Nature_Altar_Level_5,https://static.wikia.nocookie.net/duma-eng/images/3/3d/ENatureAltarUpg4.png,Nature Altar Level 4,Secret Laboratory,Demonic Barrier,,Altar
Necropolis,https://duma-eng.fandom.com/wiki/Necropolis,https://static.wikia.nocookie.net/duma-eng/images/0/0e/EGraveyard.png,Graveyard,Graveyard,,,Battle
Old Prison,https://duma-eng.fandom.com/wiki/Old_Prison,https://static.wikia.nocookie.net/duma-eng/images/0/05/EPrison.png,,,,,Prison
Operation Room,https://duma-eng.fandom.com/wiki/Operation_Room,https://static.wikia.nocookie.net/duma-eng/images/3/3e/EOpertaion.png,,,,,Facility
Panic,https://duma-eng.fandom.com/wiki/Panic,https://static.wikia.nocookie.net/duma-eng/images/7/7c/EFear.png,,,,,Trap
Pit,https://duma-eng.fandom.com/wiki/Pit,https://static.wikia.nocookie.net/duma-eng/images/1/16/EHole.png,,,,,Trap
Plague,https://duma-eng.fandom.com/wiki/Plague,https://static.wikia.nocookie.net/duma-eng/images/b/b1/EPlague.png,Infection,Disease,Explosion,,Trap
Plague Spreader,https://duma-eng.fandom.com/wiki/Plague_Spreader,https://static.wikia.nocookie.net/duma-eng/images/2/2f/EPlagueSpreador.png,Sting,Death and Corruption,Plague,,Trap
Pleasure Altar Level 1,https://duma-eng.fandom.com/wiki/Pleasure_Altar_Level_1,https://static.wikia.nocookie.net/duma-eng/images/6/6c/EEcstacyAltarUpg0.png,Altar Level 5,Laboratory,Mirror Room,,Altar
Pleasure Altar Level 2,https://duma-eng.fandom.com/wiki/Pleasure_Altar_Level_2,https://static.wikia.nocookie.net/duma-eng/images/3/39/EEcstacyAltarUpg1.png,Pleasure Altar Level 1,Laboratory,Prism,,Altar
Pleasure Altar Level 3,https://duma-eng.fandom.com/wiki/Pleasure_Altar_Level_3,https://static.wikia.nocookie.net/duma-eng/images/4/44/EEcstacyAltarUpg2.png,Pleasure Altar Level 2,Laboratory,Revenge,,Altar
Pleasure Altar Level 4,https://duma-eng.fandom.com/wiki/Pleasure_Altar_Level_4,https://static.wikia.nocookie.net/duma-eng/images/7/7c/EEcstacyAltarUpg3.png,Pleasure Altar Level 3,Laboratory,Ancient Bell,,Altar
Pleasure Altar Level 5,https://duma-eng.fandom.com/wiki/Pleasure_Altar_Level_5,https://static.wikia.nocookie.net/duma-eng/images/e/e7/EEcstacyAltarUpg4.png,Pleasure Altar Level 4,Secret Laboratory,Broken Mirror,,Altar
Poison Arrow,https://duma-eng.fandom.com/wiki/Poison_Arrow,https://static.wikia.nocookie.net/duma-eng/images/a/a3/EPoisonArrow.png,Arrow,Venom,,,Trap
Poison Leak,https://duma-eng.fandom.com/wiki/Poison_Leak,https://static.wikia.nocookie.net/duma-eng/images/6/64/EPhosgene.png,Explosion,Venom,,,Trap
Poison Weed,https://duma-eng.fandom.com/wiki/Poison_Weed,https://static.wikia.nocookie.net/duma-eng/images/7/7a/EPoisonousWeed.png,Special Ops Room,Laboratory,Poison Leak,,Facility
Power Station,https://duma-eng.fandom.com/wiki/Power_Station,https://static.wikia.nocookie.net/duma-eng/images/f/f2/EPrisonWork3.png,Prison Factory,Foundry,Secret Laboratory,,Prison
Pressure,https://duma-eng.fandom.com/wiki/Pressure,https://static.wikia.nocookie.net/duma-eng/images/b/bc/EOverawe.png,Excess,Sloth,,,Battle
Prism,https://duma-eng.fandom.com/wiki/Prism,https://static.wikia.nocookie.net/duma-eng/images/a/aa/EPrism.png,Mirror Room,Distortion,Betrayal,,Battle
Prison,https://duma-eng.fandom.com/wiki/Prison,https://static.wikia.nocookie.net/duma-eng/images/5/58/EPrisonUpg1.png,Old Prison,Amplify,Curse,,Prison
Prison Factory,https://duma-eng.fandom.com/wiki/Prison_Factory,https://static.wikia.nocookie.net/duma-eng/images/0/06/EPrisonWork2.png,Workhouse,Pressure,Foundry,,Prison
Prisoner and Guard,https://duma-eng.fandom.com/wiki/Prisoner_and_Guard,https://static.wikia.nocookie.net/duma-eng/images/f/f8/EPrisonBattle1.png,Magic Prison,Bigger Room,Bigger Fight,,Prison
Prisoner Lab,https://duma-eng.fandom.com/wiki/Prisoner_Lab,https://static.wikia.nocookie.net/duma-eng/images/8/87/EPrisonBattle2.png,Prisoner and Guard,Blacksmith,Laboratory,,Prison
Rage,https://duma-eng.fandom.com/wiki/Rage,https://static.wikia.nocookie.net/duma-eng/images/3/32/EFury.png,,,,,Battle
Rainbow Flower,https://duma-eng.fandom.com/wiki/Rainbow_Flower,https://static.wikia.nocookie.net/duma-eng/images/e/e5/ERainbowFlower.png,Blossoming Flame,Poison Weed,Thornder Weed,,Facility
Return,https://duma-eng.fandom.com/wiki/Return,https://static.wikia.nocookie.net/duma-eng/images/f/fb/EReturn.png,,,,,Trap
Revenge,https://duma-eng.fandom.com/wiki/Revenge,https://static.wikia.nocookie.net/duma-eng/images/c/c9/ERevenge.png,Warhorn,Exploit,Blacksmith,,Facility
Rockslide,https://duma-eng.fandom.com/wiki/Rockslide,https://static.wikia.nocookie.net/duma-eng/images/1/13/ERock.png,,,,,Trap
Sacrifice,https://duma-eng.fandom.com/wiki/Sacrifice,https://static.wikia.nocookie.net/duma-eng/images/b/b1/ESacrifice.png,,,,,Battle
Sapling of Yggdrasil,https://duma-eng.fandom.com/wiki/Sapling_of_Yggdrasil,https://static.wikia.nocookie.net/duma-eng/images/a/a0/EWorldSeedling.png,Branch of Yggdrasil,,,,Facility
Scream,https://duma-eng.fandom.com/wiki/Scream,https://static.wikia.nocookie.net/duma-eng/images/5/51/EScream.png,Panic,Solitude,,,Battle
Secret Laboratory,https://duma-eng.fandom.com/wiki/Secret_Laboratory,https://static.wikia.nocookie.net/duma-eng/images/d/db/ESecretLab.png,Magic Gear,Laboratory,Laboratory,,Facility
Shield of Steel,https://duma-eng.fandom.com/wiki/Shield_of_Steel,https://static.wikia.nocookie.net/duma-eng/images/9/9a/ESteelShield.png,Barrier,Sword and Shield,,,Battle
Silent Temple,https://duma-eng.fandom.com/wiki/Silent_Temple,https://static.wikia.nocookie.net/duma-eng/images/6/61/ETempleofSilence.png,Magic Gear,Ancient Bell,Blacksmith,,Battle
Skewer,https://duma-eng.fandom.com/wiki/Skewer,https://static.wikia.nocookie.net/duma-eng/images/b/ba/ESkewer.png,Pit,Iron Maiden,,,Trap
Slingshot,https://duma-eng.fandom.com/wiki/Slingshot,https://static.wikia.nocookie.net/duma-eng/images/6/64/EBallista.png,Arrow,Gigantify,,,Trap
Sloth,https://duma-eng.fandom.com/wiki/Sloth,https://static.wikia.nocookie.net/duma-eng/images/7/71/ELazy.png,,,,,Trap
Snowman,https://duma-eng.fandom.com/wiki/Snowman,https://static.wikia.nocookie.net/duma-eng/images/2/26/ESnowballDisposer.png,Magic Gear,Explosive Arrow,Ice Pit,,Trap
Solitude,https://duma-eng.fandom.com/wiki/Solitude,https://static.wikia.nocookie.net/duma-eng/images/0/0c/ESolitude.png,,,,,Battle
Special Ops Room,https://duma-eng.fandom.com/wiki/Special_Ops_Room,https://static.wikia.nocookie.net/duma-eng/images/3/3d/ESpecialOperation.png,Operation Room,Operation Room,Ambush,,Facility
Sprout,https://duma-eng.fandom.com/wiki/Sprout,https://static.wikia.nocookie.net/duma-eng/images/6/60/ESprout.png,,,,,Battle
Steel Thorn,https://duma-eng.fandom.com/wiki/Steel_Thorn,https://static.wikia.nocookie.net/duma-eng/images/9/97/EIronSpike.png,Iron Wall,Barrier,Iron Maiden,,Battle
Sting,https://duma-eng.fandom.com/wiki/Sting,https://static.wikia.nocookie.net/duma-eng/images/b/b4/EPoisonStingRoom.png,Magic Gear,Crossbow,Poison Arrow,,Trap
Swamp Monster,https://duma-eng.fandom.com/wiki/Swamp_Monster,https://static.wikia.nocookie.net/duma-eng/images/1/1d/ESwampMonster.png,Swamp Monster ~ Chapter 2,,,,Trap
Swirl of Anger,https://duma-eng.fandom.com/wiki/Swirl_of_Anger,https://static.wikia.nocookie.net/duma-eng/images/6/6a/EAngerSwirl.png,Magic Gear,Secret Laboratory,Warhorn,,Battle
Sword and Shield,https://duma-eng.fandom.com/wiki/Sword_and_Shield,https://static.wikia.nocookie.net/duma-eng/images/5/5a/ESwordShield.png,,,,,Battle
Tailwind,https://duma-eng.fandom.com/wiki/Tailwind,https://static.wikia.nocookie.net/duma-eng/images/6/64/ETailwind.png,Haste,Lounge,Amplify,,Facility
Temptation,https://duma-eng.fandom.com/wiki/Temptation,https://static.wikia.nocookie.net/duma-eng/images/5/5a/ETempt.png,,,,,Trap
The Absolute,https://duma-eng.fandom.com/wiki/The_Absolute,https://static.wikia.nocookie.net/duma-eng/images/9/91/EAbsolute.png,Bigger Fight,Ambush,Solitude,,Battle
The Seal,https://duma-eng.fandom.com/wiki/The_Seal,https://static.wikia.nocookie.net/duma-eng/images/a/aa/ESealofRitual.png,Magic Gear,Iron Curtain,Foundry,,Facility
Thorn Bush,https://duma-eng.fandom.com/wiki/Thorn_Bush,https://static.wikia.nocookie.net/duma-eng/images/2/2d/EThornbush.png,Steel Thorn,Iron Curtain,Iron Maiden,,Battle
Thornder Weed,https://duma-eng.fandom.com/wiki/Thornder_Weed,https://static.wikia.nocookie.net/duma-eng/images/7/74/EThunderBlossom.png,Special Ops Room,Laboratory,Electric Field,,Facility
Three Gianteers,https://duma-eng.fandom.com/wiki/Three_Gianteers,https://static.wikia.nocookie.net/duma-eng/images/f/fc/ETripleGiant.png,Double Giant,Gigantify,,,Battle
Thunder,https://duma-eng.fandom.com/wiki/Thunder,https://static.wikia.nocookie.net/duma-eng/images/8/87/EThunder.png,,,,,Trap
Tree of Life,https://duma-eng.fandom.com/wiki/Tree_of_Life,https://static.wikia.nocookie.net/duma-eng/images/2/2b/ETreeofLife.png,Sprout,Laboratory,Laboratory,,Battle
Vampire,https://duma-eng.fandom.com/wiki/Vampire,https://static.wikia.nocookie.net/duma-eng/images/e/e0/EVamp.png,,,,,Battle
Vampire Altar Level 1,https://duma-eng.fandom.com/wiki/Vampire_Altar_Level_1,https://static.wikia.nocookie.net/duma-eng/images/f/f6/EBloodAltarUpg0.png,Altar Level 5,Laboratory,Bloodthirst,,Altar
Vampire Altar Level 2,https://duma-eng.fandom.com/wiki/Vampire_Altar_Level_2,https://static.wikia.nocookie.net/duma-eng/images/2/24/EBloodAltarUpg1.png,Vampire Altar Level 1,Laboratory,Blood Pool,,Altar
Vampire Altar Level 3,https://duma-eng.fandom.com/wiki/Vampire_Altar_Level_3,https://static.wikia.nocookie.net/duma-eng/images/3/3c/EBloodAltarUpg2.png,Vampire Altar Level 2,Laboratory,Blood Shield,,Altar
Vampire Altar Level 4,https://duma-eng.fandom.com/wiki/Vampire_Altar_Level_4,https://static.wikia.nocookie.net/duma-eng/images/d/d3/EBloodAltarUpg3.png,Vampire Altar Level 3,Laboratory,Ancient Bell,,Altar
Vampire Altar Level 5,https://duma-eng.fandom.com/wiki/Vampire_Altar_Level_5,https://static.wikia.nocookie.net/duma-eng/images/8/8a/EBloodAltarUpg4.png,Vampire Altar Level 4,Secret Laboratory,Bloody Mist,,Altar
Venom,https://duma-eng.fandom.com/wiki/Venom,https://static.wikia.nocookie.net/duma-eng/images/a/a1/EVenom.png,,,,,Trap
Void,,https://static.wikia.nocookie.net/duma-eng/images/c/cd/EVoid.png,,,,,Facility
War Altar Level 1,https://duma-eng.fandom.com/wiki/War_Altar_Level_1,https://static.wikia.nocookie.net/duma-eng/images/f/f2/EWarAltarUpg0.png,Altar Level 5,Laboratory,Warhorn,,Altar
War Altar Level 2,https://duma-eng.fandom.com/wiki/War_Altar_Level_2,https://static.wikia.nocookie.net/duma-eng/images/7/7c/EWarAltarUpg1.png,War Altar Level 1,Laboratory,Blacksmith,,Altar
War Altar Level 3,https://duma-eng.fandom.com/wiki/War_Altar_Level_3,https://static.wikia.nocookie.net/duma-eng/images/4/4f/EWarAltarUpg2.png,War Altar Level 2,Laboratory,Revenge,,Altar
War Altar Level 4,https://duma-eng.fandom.com/wiki/War_Altar_Level_4,https://static.wikia.nocookie.net/duma-eng/images/2/29/EWarAltarUpg3.png,War Altar Level 3,Laboratory,Ancient Bell,,Altar
War Altar Level 5,https://duma-eng.fandom.com/wiki/War_Altar_Level_5,https://static.wikia.nocookie.net/duma-eng/images/0/09/EWarAltarUpg4.png,War Altar Level 4,Secret Laboratory,Bloody Mist,,Altar
Warhorn,https://duma-eng.fandom.com/wiki/Warhorn,https://static.wikia.nocookie.net/duma-eng/images/e/e8/EWarHorn.png,Lounge,Frenzy,,,Trap
White Frost,https://duma-eng.fandom.com/wiki/White_Frost,https://static.wikia.nocookie.net/duma-eng/images/e/ec/EWhiteFrost.png,Big Explosion,Ice Fog,Frosty Wind,,Trap
Workhouse,https://duma-eng.fandom.com/wiki/Workhouse,https://static.wikia.nocookie.net/duma-eng/images/6/63/EPrisonWork1.png,Magic Prison,Warhorn,Necropolis,,Prison
Yggdrasil,https://duma-eng.fandom.com/wiki/Yggdrasil,https://static.wikia.nocookie.net/duma-eng/images/f/f4/EWorldTree.png,Branch of Yggdrasil,,,,Trap
Another Dream,https://duma-eng.fandom.com/wiki/Locked_Events#Another_Dream,https://static.wikia.nocookie.net/duma-eng/images/c/cb/EAnotherDream.png,,,,,event
Branch of Yggdrasil,https://duma-eng.fandom.com/wiki/Locked_Events#Branch_of_Yggdrasil,https://static.wikia.nocookie.net/duma-eng/images/8/8c/ETreeGranches.png,,,,,event
Contract of Darkness ~ Chapter 1,https://duma-eng.fandom.com/wiki/Locked_Events#Contract_of_Darkness_~_Chapter_1,https://static.wikia.nocookie.net/duma-eng/images/b/ba/EDarkContract1A.png,,,,,event
Contract of Darkness ~ Chapter 2,https://duma-eng.fandom.com/wiki/Locked_Events#Contract_of_Darkness_~_Chapter_2,https://static.wikia.nocookie.net/duma-eng/images/b/ba/EDarkContract1A.png,,,,,event
Contract of Fire ~ Chapter 1,https://duma-eng.fandom.com/wiki/Locked_Events#Contract_of_Fire_~_Chapter_1,https://static.wikia.nocookie.net/duma-eng/images/4/4b/EFireContract1A.png,,,,,event
Contract of Fire ~ Chapter 2,https://duma-eng.fandom.com/wiki/Locked_Events#Contract_of_Fire_~_Chapter_2,https://static.wikia.nocookie.net/duma-eng/images/4/4b/EFireContract1A.png,,,,,event
Contract of Light ~ Chapter 1,https://duma-eng.fandom.com/wiki/Locked_Events#Contract_of_Light_~_Chapter_1,https://static.wikia.nocookie.net/duma-eng/images/8/86/ELightContract1A.png,,,,,event
Contract of Light ~ Chapter 2,https://duma-eng.fandom.com/wiki/Locked_Events#Contract_of_Light_~_Chapter_2,https://static.wikia.nocookie.net/duma-eng/images/8/86/ELightContract1A.png,,,,,event
Contract of Nature ~ Chapter 1,https://duma-eng.fandom.com/wiki/Locked_Events#Contract_of_Nature_~_Chapter_1,https://static.wikia.nocookie.net/duma-eng/images/2/24/ENatureContract1A.png,,,,,event
Contract of Nature ~ Chapter 2,https://duma-eng.fandom.com/wiki/Locked_Events#Contract_of_Nature_~_Chapter_2,https://static.wikia.nocookie.net/duma-eng/images/2/24/ENatureContract1A.png,,,,,event
Contract of Water ~ Chapter 1,https://duma-eng.fandom.com/wiki/Locked_Events#Contract_of_Water_~_Chapter_1,https://static.wikia.nocookie.net/duma-eng/images/0/04/EWaterContract1A.png,,,,,event
Contract of Water ~ Chapter 2,https://duma-eng.fandom.com/wiki/Locked_Events#Contract_of_Water_~_Chapter_2,https://static.wikia.nocookie.net/duma-eng/images/0/04/EWaterContract1A.png,,,,,event
Cube Study ~ Chapter 1,https://duma-eng.fandom.com/wiki/Locked_Events#Cube_Study_~_Chapter_1,https://static.wikia.nocookie.net/duma-eng/images/6/65/ETrapResearcher.png,,,,,event
Cube Study ~ Chapter 2,https://duma-eng.fandom.com/wiki/Locked_Events#Cube_Study_~_Chapter_2,https://static.wikia.nocookie.net/duma-eng/images/6/65/ETrapResearcher.png,,,,,event
Cube Study ~ Chapter 3,https://duma-eng.fandom.com/wiki/Locked_Events#Cube_Study_~_Chapter_3,https://static.wikia.nocookie.net/duma-eng/images/6/65/ETrapResearcher.png,,,,,event
Cube Study ~ Chapter 4,https://duma-eng.fandom.com/wiki/Locked_Events#Cube_Study_~_Chapter_4,https://static.wikia.nocookie.net/duma-eng/images/6/65/ETrapResearcher.png,,,,,event
Cube Study ~ Chapter 4 Alt,https://duma-eng.fandom.com/wiki/Locked_Events#Cube_Study_~_Chapter_4_Alt,https://static.wikia.nocookie.net/duma-eng/images/5/5e/ETrapResearcher4Sub1.png,,,,,event
Dangerous Portal,https://duma-eng.fandom.com/wiki/Locked_Events#Dangerous_Portal,https://static.wikia.nocookie.net/duma-eng/images/2/24/EDangerDimensionDoor.png,,,,,event
Distress Signal,https://duma-eng.fandom.com/wiki/Locked_Events#Distress_Signal,https://static.wikia.nocookie.net/duma-eng/images/4/41/ERescueGirl.png,,,,,event
Echoing Fury ~ Chapter 1,https://duma-eng.fandom.com/wiki/Locked_Events#Echoing_Fury_~_Chapter_1,https://static.wikia.nocookie.net/duma-eng/images/e/ea/EAngerEcho.png,,,,,event
Echoing Fury ~ Chapter 2,https://duma-eng.fandom.com/wiki/Locked_Events#Echoing_Fury_~_Chapter_2,https://static.wikia.nocookie.net/duma-eng/images/e/ea/EAngerEcho.png,,,,,event
Echoing Fury ~ Chapter 3,https://duma-eng.fandom.com/wiki/Locked_Events#Echoing_Fury_~_Chapter_3,https://static.wikia.nocookie.net/duma-eng/images/e/ea/EAngerEcho.png,,,,,event
Fallen Angel ~ Chapter 1,https://duma-eng.fandom.com/wiki/Locked_Events#Fallen_Angel_~_Chapter_1,https://static.wikia.nocookie.net/duma-eng/images/b/ba/EAncientFallenAngel.png,,,,,event
Fallen Angel ~ Chapter 2,https://duma-eng.fandom.com/wiki/Locked_Events#Fallen_Angel_~_Chapter_2,https://static.wikia.nocookie.net/duma-eng/images/b/ba/EAncientFallenAngel.png,,,,,event
Fallen Angel ~ Chapter 3,https://duma-eng.fandom.com/wiki/Locked_Events#Fallen_Angel_~_Chapter_3,https://static.wikia.nocookie.net/duma-eng/images/b/ba/EAncientFallenAngel.png,,,,,event
Fallen Angel ~ Chapter 4,https://duma-eng.fandom.com/wiki/Locked_Events#Fallen_Angel_~_Chapter_4,https://static.wikia.nocookie.net/duma-eng/images/b/ba/EAncientFallenAngel.png,,,,,event
Genetic Research ~ Chapter 1,https://duma-eng.fandom.com/wiki/Locked_Events#Genetic_Research_~_Chapter_1,https://static.wikia.nocookie.net/duma-eng/images/9/95/EGeneResearch.png,,,,,event
Genetic Research ~ Chapter 2,https://duma-eng.fandom.com/wiki/Locked_Events#Genetic_Research_~_Chapter_2,https://static.wikia.nocookie.net/duma-eng/images/9/95/EGeneResearch.png,,,,,event
Heart of Volcano,https://duma-eng.fandom.com/wiki/Locked_Events#Heart_of_Volcano,https://static.wikia.nocookie.net/duma-eng/images/a/a3/EVolcanoHeart.png,,,,,event
Holy Grail ~ Chapter 1,https://duma-eng.fandom.com/wiki/Locked_Events#Holy_Grail_~_Chapter_1,https://static.wikia.nocookie.net/duma-eng/images/e/ed/EHolyGrailMaker.png,,,,,event
Holy Grail ~ Chapter 2,https://duma-eng.fandom.com/wiki/Locked_Events#Holy_Grail_~_Chapter_2,https://static.wikia.nocookie.net/duma-eng/images/d/df/EHolyGrailMaker2.png,,,,,event
Holy Grail ~ Chapter 3,https://duma-eng.fandom.com/wiki/Locked_Events#Holy_Grail_~_Chapter_3,https://static.wikia.nocookie.net/duma-eng/images/3/3a/EHolyGrailMaker3.png,,,,,event
Into the Sea,https://duma-eng.fandom.com/wiki/Locked_Events#Into_the_Sea,https://static.wikia.nocookie.net/duma-eng/images/a/ac/EInviteDeepSea.png,,,,,event
Powerless Reaper,https://duma-eng.fandom.com/wiki/Locked_Events#Powerless_Reaper,https://static.wikia.nocookie.net/duma-eng/images/2/23/ESoullackReaper.png,,,,,event
Slave Merchant,https://duma-eng.fandom.com/wiki/Locked_Events#Slave_Merchant,https://static.wikia.nocookie.net/duma-eng/images/2/2e/EPrisonerDealer.png,,,,,event
Soul Gap,https://duma-eng.fandom.com/wiki/Locked_Events#Soul_Gap,https://static.wikia.nocookie.net/duma-eng/images/3/3e/ESoulGap.png,,,,,event
Spring of Souls,https://duma-eng.fandom.com/wiki/Locked_Events#Spring_of_Souls,https://static.wikia.nocookie.net/duma-eng/images/9/99/ESoulFountain.png,,,,,event
Swamp Monster ~ Chapter 1,https://duma-eng.fandom.com/wiki/Locked_Events#Swamp_Monster_~_Chapter_1,https://static.wikia.nocookie.net/duma-eng/images/2/29/ESwampMonster_0803902.png,,,,,event
Swamp Monster ~ Chapter 2,https://duma-eng.fandom.com/wiki/Locked_Events#Swamp_Monster_~_Chapter_2,https://static.wikia.nocookie.net/duma-eng/images/2/29/ESwampMonster_0803902.png,,,,,event
Vile Blood,https://duma-eng.fandom.com/wiki/Locked_Events#Vile_Blood,https://static.wikia.nocookie.net/duma-eng/images/b/b5/EFallenBlood.png,,,,,event
The Ancient Monk,https://duma-eng.fandom.com/wiki/Locked_Events#The_Ancient_Monk,https://static.wikia.nocookie.net/duma-eng/images/d/d7/EAncientMonk.png,,,,,event
The Goddess of Shadow ~ Chapter 1,https://duma-eng.fandom.com/wiki/Locked_Events#The_Goddess_of_Shadow_~_Chapter_1,https://static.wikia.nocookie.net/duma-eng/images/1/11/EShadeGoddess.png,,,,,event
The Goddess of Shadow ~ Chapter 2,https://duma-eng.fandom.com/wiki/Locked_Events#The_Goddess_of_Shadow_~_Chapter_2,https://static.wikia.nocookie.net/duma-eng/images/3/34/EShadeGoddess2.png,,,,,event
The Watchmaker ~ Chapter 1,https://duma-eng.fandom.com/wiki/Locked_Events#The_Watchmaker_~_Chapter_1,https://static.wikia.nocookie.net/duma-eng/images/4/45/EWatchMaster.png,,,,,event
The Watchmaker ~ Chapter 2,https://duma-eng.fandom.com/wiki/Locked_Events#The_Watchmaker_~_Chapter_2,https://static.wikia.nocookie.net/duma-eng/images/4/45/EWatchMaster.png,,,,,event
The Watchmaker ~ Chapter 3,https://duma-eng.fandom.com/wiki/Locked_Events#The_Watchmaker_~_Chapter_3,https://static.wikia.nocookie.net/duma-eng/images/4/45/EWatchMaster.png,,,,,event
Battle,https://duma-eng.fandom.com/wiki/Locked_Events#Battle,https://static.wikia.nocookie.net/duma-eng/images/4/4d/EBattle_32665.png,,,,,event
Abandoned Smelter,https://duma-eng.fandom.com/wiki/Locked_Events#Abandoned_Smelter,https://static.wikia.nocookie.net/duma-eng/images/f/fb/EBlacksmithEv.png,,,,,event
Amber Stone,https://duma-eng.fandom.com/wiki/Locked_Events#Amber_Stone,https://static.wikia.nocookie.net/duma-eng/images/3/3f/EAmber.png,,,,,event
Blade Trap,https://duma-eng.fandom.com/wiki/Locked_Events#Blade_Trap,https://static.wikia.nocookie.net/duma-eng/images/b/ba/EBladeTrap.png,,,,,event
Bloody Portal,https://duma-eng.fandom.com/wiki/Locked_Events#Bloody_Portal,https://static.wikia.nocookie.net/duma-eng/images/3/31/EBloodPortal.png,,,,,event
Dream,https://duma-eng.fandom.com/wiki/Locked_Events#Dream,https://static.wikia.nocookie.net/duma-eng/images/9/98/EDream.png,,,,,event
Dragon Hunter's Visit,https://duma-eng.fandom.com/wiki/Locked_Events#Dragon_Hunter's_Visit,https://static.wikia.nocookie.net/duma-eng/images/7/7d/EVisitDragonHunter.png,,,,,event
Egg Collector,https://duma-eng.fandom.com/wiki/Locked_Events#Egg_Collector,https://static.wikia.nocookie.net/duma-eng/images/c/ce/EEggDealer.png,,,,,event
Emerald Spider,https://duma-eng.fandom.com/wiki/Locked_Events#Emerald_Spider,https://static.wikia.nocookie.net/duma-eng/images/5/52/ESpider.png,,,,,event
Goblin's Riddle,https://duma-eng.fandom.com/wiki/Locked_Events#Goblin's_Riddle,https://static.wikia.nocookie.net/duma-eng/images/1/14/EGremlin.png,,,,,event
Hero's Grave,https://duma-eng.fandom.com/wiki/Locked_Events#Hero's_Grave,https://static.wikia.nocookie.net/duma-eng/images/d/d2/EDeathKnight.png,,,,,event
Magic Hammer,https://duma-eng.fandom.com/wiki/Locked_Events#Magic_Hammer,https://static.wikia.nocookie.net/duma-eng/images/2/28/EHammer.png,,,,,event
Mysterious Egg,https://duma-eng.fandom.com/wiki/Locked_Events#Mysterious_Egg,https://static.wikia.nocookie.net/duma-eng/images/8/87/EMysteryEgg.png,,,,,event
Mystery Portal,https://duma-eng.fandom.com/wiki/Locked_Events#Mystery_Portal,https://static.wikia.nocookie.net/duma-eng/images/8/8c/EMonsterGate.png,,,,,event
Portal Summoner,https://duma-eng.fandom.com/wiki/Locked_Events#Portal_Summoner,https://static.wikia.nocookie.net/duma-eng/images/c/c8/ERemodelingEntrance.png,,,,,event
Roaming Beast,https://duma-eng.fandom.com/wiki/Locked_Events#Roaming_Beast,https://static.wikia.nocookie.net/duma-eng/images/3/3c/ERoamingGiant.png,,,,,event
Slime Race,https://duma-eng.fandom.com/wiki/Locked_Events#Slime_Race,https://static.wikia.nocookie.net/duma-eng/images/9/90/ESlimeRace.png,,,,,event
Suspicious Vendor,https://duma-eng.fandom.com/wiki/Locked_Events#Suspicious_Vendor,https://static.wikia.nocookie.net/duma-eng/images/c/cc/ETrade.png,,,,,event
The Abandoned Shrine,https://duma-eng.fandom.com/wiki/Locked_Events#The_Abandoned_Shrine,https://static.wikia.nocookie.net/duma-eng/images/8/80/EFallenShrine.png,,,,,event
The Geologist,https://duma-eng.fandom.com/wiki/Locked_Events#The_Geologist,https://static.wikia.nocookie.net/duma-eng/images/c/c5/EGiologist.png,,,,,event
The God of Nature,https://duma-eng.fandom.com/wiki/Locked_Events#The_God_of_Nature,https://static.wikia.nocookie.net/duma-eng/images/7/7a/ENatureGift.png,,,,,event
The Lost Sword,https://duma-eng.fandom.com/wiki/Locked_Events#The_Lost_Sword,https://static.wikia.nocookie.net/duma-eng/images/b/b0/ELostSword.png,,,,,event
Wandering Demon,https://duma-eng.fandom.com/wiki/Locked_Events#Wandering_Demon,https://static.wikia.nocookie.net/duma-eng/images/5/52/ETrapMaster.png,,,,,event
Library of Antiquity,https://duma-eng.fandom.com/wiki/Locked_Events#Library_of_Antiquity,https://static.wikia.nocookie.net/duma-eng/images/8/89/EOldLibrary.png,,,,,event
Beyond Darkness ~ Chapter 1,https://duma-eng.fandom.com/wiki/Locked_Events#Beyond_Darkness_~_Chapter_1,https://static.wikia.nocookie.net/duma-eng/images/3/33/EHiddenDark.png,,,,,event
Beyond Darkness ~ Chapter 2,https://duma-eng.fandom.com/wiki/Locked_Events#Beyond_Darkness_~_Chapter_2,https://static.wikia.nocookie.net/duma-eng/images/d/d4/EBloomDark.png,,,,,event
Beyond Darkness ~ Chapter 3,https://duma-eng.fandom.com/wiki/Locked_Events#Beyond_Darkness_~_Chapter_3,https://static.wikia.nocookie.net/duma-eng/images/e/e2/EPassDark.png,,,,,event
Corrupted Goddess ~ Chapter 1,https://duma-eng.fandom.com/wiki/Locked_Events#Corrupted_Goddess_~_Chapter_1,https://static.wikia.nocookie.net/duma-eng/images/2/26/EFallenGoddess1.png,,,,,event
Corrupted Goddess ~ Chapter 2,https://duma-eng.fandom.com/wiki/Locked_Events#Corrupted_Goddess_~_Chapter_2,https://static.wikia.nocookie.net/duma-eng/images/e/e6/EFallenGoddess2.png,,,,,event
Corrupted Goddess ~ Chapter 3,https://duma-eng.fandom.com/wiki/Locked_Events#Corrupted_Goddess_~_Chapter_3,https://static.wikia.nocookie.net/duma-eng/images/7/70/EFallenGoddess3.png,,,,,event
Corrupted Goddess ~ Chapter 4,https://duma-eng.fandom.com/wiki/Locked_Events#Corrupted_Goddess_~_Chapter_4,https://static.wikia.nocookie.net/duma-eng/images/8/8a/EFallenGoddess4.png,,,,,event
War Song,https://duma-eng.fandom.com/wiki/Locked_Events#War_Song,https://static.wikia.nocookie.net/duma-eng/images/1/13/ESingTheWar.png,,,,,event